{"name" : "delhi heights", "city" : "delhi","address": "Hotel York, K-10/11, Connaught Place"}
{"name" : "wine company", "city" : "gurgaon","address": "170-171, 179-180, 1st Floor, Good Earth City Center, Sector 50"}
{"name" : "haldirams", "city" : "mumbai","address": "50, Hauz Khas Village"}
{"name": "Big Brewsky","city": "Bangalore","address": "E-584, Near Savitri Cinema, Greater Kailash (GK) 2"}
{"name": "Peter Cat","city": "Kolkata","address": "67, Ground Floor, Good Earth City Center, Sector 50"}
{"name": "Tapri Central","city": "Jaipur","address": "M-65, M Block Market, Greater Kailash (GK) 1"}
{"name": "The Night Factory","city": "Chandigarh","address": "B.D. Estate Market, Timarpur, Civil Lines"}
{"name": "Where Else Cafe","city": "Pune","address": "A1/325, Near Ayodhya Chowk, Sector 6, Rohini"}
{"name": "Puffizza","city": "Ahmedabad","address": "PVR Anupam Compelex, Saket"}
{"name": "Cafe Goodluck","city": "Pune","address": "9 C, Taimoor Nagar, Near Honey Money Top, New Friends Colony"}
{"name": "Truffles","city": "Bangalore","address": "M-60, M Block Market, Greater Kailash (GK) 2"}
{"name": "Emprino","city": "Mumbai","address": "D-34, RDC, Raj Nagar"}
{"name": "Gurukripa","city": "Mumbai","address": "E-209, Lajpat Nagar 1"}
{"name": "Kota Kachori","city": "Bangalore","address": "G 6 & 8, Mafcons Plaza, Central Market, Sector 7, Dwarka"}
{"name": "Shiraz Golden Restaurant","city": "Kolkata","address": "102 & 103, Food Court, Supertech Shopprix Mall, Sector 61"}
{"name": "NH 37 Dhaba","city": "Pune","address": "LCA, Jaina Towers. District Center, Janakpuri"}
{"name": "Via Delhi","city": "Abu Dhabi","address": "3rd Floor, Near Food Court, EDM Mall, Kaushambi"}
{"name": "Arsalan","city": "Kolkata","address": "D 20, West Patel Nagar"}
{"name": "Midnight Chef","city": "Chandigarh","address": "IFFCO Chowk, MG Road"}
{"name": "Eva's Pizza","city": "Mumbai","address": "1 & 2, C-5A, Kadimi Market, Janakpuri"}
{"name": "Zaroob","city": "Dubai","address": "Mathuradas Mills Compound, NM Joshi Marg, Lower Parel"}
{"name": "Kabir Restaurant","city": "Ahmedabad","address": "Lane 5, Opposite Oxford Properties, North Main Road, Koregaon Park"}
{"name": "Wok On Fire","city": "Ahmedabad","address": "Flat 48, Ground Floor, Opposite Vengal Rao Park, Road 1, Banjara Hills"}
{"name": "York","city": "New Delhi","address": "Level 2, Al Wahda Mall, Al Wahda, Ab"}
{"name": "Los Angeles Restaurant" ,"city": "Mumbai","address": "1215 Phillip Island Road, Phillip Island"}
{"name": "Yale Restaurant" ,"city": "New Delhi","address": "Plot 64, Shivaji Housing Society, Off Senapati Bapat Road, Senapati Bapat Road"}
{"name": "Yale Restaurant" ,"city": "Gurgaon","address": "Shop 5, Khafajy Building, Al Karama"}
{"name": "Minar","city": "New Delhi","address": "6, Pandara Road Market, Ne"}
{"name": "Darvesh","city": "New Delhi","address": "502 Main St, Baldwin, L"}
{"name": "Lazeez","city": "New Delhi","address": "SCO 4, Sector 11"}
{"name": "Jaika","city": "New Delhi","address": "501, Binnamangala Extension, 1st stage, C.M.H Road, Indiranagar"}
{"name": "Laziz","city": "New Delhi","address": "124, Near Jyothi Nivas College, 1st Cross, KHB Colony, Koramangala 5th Block"}
{"name": "Sethi","city": "New Delhi","address": "UP Tower, Near Emirates Tower Metro Station, Sheikh Zayed Road, Trade Centre Area"}
{"name": "Maharani","city": "Ghaziabad","address": "Near New City Center Supermarket, Abu Shagara"}
{"name": "Sethi","city": "New Delhi","address": "291, North Main Road, Koregaon Park"}
{"name": "Bikaner","city": "Delhi NC","address": "Zainal Mohebi Plaza, Sheikh Khalifa Bin Zayed Road, Opposite Centrepoint, Al Karama"}
{"name": "Woks","city": "Noida","address": "88 A, Opposite Osho, Chander Lok Colony, Rajpur Road, Hathibarkala Salwala"}
{"name": "Cafe","city": "New Delhi","address": "4, Opposite NMKRV College, 21st C Cross Road, 3rd Block, Jayanagar"}
{"name": "Cafe","city": "Ghaziabad","address": "Phoenix Market City, Viman Nagar"}
{"name": "Era","city": "New Delhi","address": "1Starboard Drive, Bowen"}
{"name": "Zaika","city": "Gurgaon","address": "Behind MK Retail, Before WIPRO Corporate Office, Sarjapur Road"}
{"name": "Kadimi","city": "New Delhi","address": "18A, Park Street, Park Street Area"}
{"name": "York","city": "New Delhi","address": "B4 E, 3rd Floor, Surana Jewellers, Opposite Central Park, C Scheme"}
{"name": "New York Restaurant" ,"city": "Gurgaon","address": "Phase 1, Chandigarh Industrial Area"}
{"name": "Los Angeles Restaurant" ,"city": "Gurgaon","address": "Shop 8, Ground Floor, Lunkad Sky Max, Datta Mandir Chowk, Viman Nagar"}
{"name": "Minar","city": "New Delhi","address": "103, Kairos, Opposite Mahatma Gandhi Labour Institute, Drive In Road, Gurukul"}
{"name": "Darvesh","city": "New Delhi","address": "759/75, Goodluck Chowk, Deccan Gymkhana"}
{"name": "Lazeez","city": "New Delhi","address": "28, 4th 'B' Cross, 5th Block, Koramangala, Koramangala 5th Block"}
{"name": "Jaika","city": "New Delhi","address": "Shop B/3, Gagangiri Premise CHS, Union Park Road, Carter Road, Bandr"}
{"name": "Laziz","city": "New Delhi","address": "55, Thunga Village, Opposite Local Office Bus Stop, Saki Vihar Road, Powai"}
{"name": "Sethi","city": "New Delhi","address": "635, 100 Feet Road, Koramangala 6th Block"}
{"name": "Maharani","city": "Ghaziabad","address": "135, Park Street, Park Street Area"}
{"name": "Sethi","city": "New Delhi","address": "Range Hill Corner, Ganesh Khind Road, Shivaji Nagar"}
{"name": "New Bikaner","city": "Delhi NC","address": "Near First Flight Couriers, Behind ADNOC Head Office, Salam Street, Najda Area, Najda, Ab"}
{"name": "New Woks","city": "Noida","address": "28, Circus Avenue, Near A.J.C. Bose Road Flyover, Park Circus Area"}
{"name": "New Cafe","city": "New Delhi","address": "SCO 329-332, Sector 35B, Sector 35"}
{"name": "New Cafe","city": "Ghaziabad","address": "7, Harmony Apartments, Off Military Road, Marol"}
{"name": "New Era","city": "New Delhi","address": "Shop 1, Jumeirah Tower Building, Sheikh Zayad Road, Trade Centre Area"}
{"name": "New Zaika","city": "Gurgaon","address": "JB Tower, Opposite Doordarshan Kendra, Drive In Road, Gurukul"}
{"name": "New Kadimi","city": "New Delhi","address": "1, Aeon Complex, Opposite Navkar Institute, Vijay Cross Roads, Navrangpura"}
{"name": "Cafe Zoe","city": "Bangalore","address": "Bharat Mata Road"}
{"name": "Malaka Spice","city": "Hyderabad","address": "Sky Tower Road"}
{"name": "Chili's","city": "Hyderabad","address": "1, MG Road"}
{"name": "Russo's New Y","city": "Hyderabad","address": "1, Lincoln Marg"}
{"name": "The Cape Kitc","city": "Hyderabad","address": "2, WCE Collge Road"}
{"name": "Tales & Spirits","city": "Hyderabad","address": "5, KK Wagh Collge"}
{"name": "Indian Summer","city": "Hyderabad","address": "abraham institute"}
{"name": "Gulati","city": "Bangalore","address": "lost org near temple"}
{"name": "Chick's Burgers","city": "Bangalore","address": "ganpati bappa mandir bada"}
{"name": "AJA","city": "Bangalore","address": "1, Wani classes near"}
{"name": "Onesta","city": "Bangalore","address": "Bhai Mhane nako maru"}
{"name": "Meghana Foods","city": "Pune","address": "viman nagar, kp"}
{"name": "Little Bangko","city": "Pune","address": "sinhagad road"}
{"name": "Vadakkan Pepp","city": "Pune","address": "Indian Express Office, KP"}
{"name": "German Bakery","city": "Pune","address": "1, kk bhai"}
{"name": "The Bagel Store","city": "New York City","address": "349 Bedford Avenue, Brooklyn, NY 11211"}
{"name": "Panino Rustico","city": "New York City","address": "8222 17th Avenue, Brooklyn, NY 11214"}
{"name": "Blue Hill","city": "New York City","address": "75 Washington Place, New York, NY 10011"}
{"name": "Buddakan","city": "New York City","address": "75 9th Avenue, New York, NY 10011"}
{"name": "Ichi Umi","city": "New York City","address": "6 E 32nd Street, New York, NY 10016"}
{"name": "Bite","city": "New York City","address": "211 East 14th Street, New York, NY 10003"}
{"name": "Eleven Madison Park","city": "New York City","address": "11 Madison Avenue, New York, NY 10010"}
{"name": "Gotham Bar and Grill","city": "New York City","address": "12 E 12th Street, New York, NY 10003"}
{"name": "Patsy's Pizzeria","city": "New York City","address": "61 W 74th Street, New York, NY 10023"}
{"name": "Elio's","city": "New York City","address": "1621 2nd Avenue, New York, NY 10028"}
{"name": "The Waverly Inn and Garden","city": "New York City","address": "16 Bank Street, New York, NY 10014"}
{"name": "Sarabeth's","city": "New York City","address": "Hotel Wales, 1295 Madison Avenue, New York, NY 10128"}
{"name": "Jack's Wife Freda","city": "New York City","address": "224 Lafayette Street, New York, NY 10012"}
{"name": "Magnolia Bakery","city": "New York City","address": "1240 Avenue of the Americas, New York, NY 10020"}
{"name": "Cea-Lo Cafe","city": "New York City","address": "1003 Soundview Avenue, Bronx, NY 10472"}
{"name": "Morimoto","city": "New York City","address": "88 10th Avenue, New York, NY 10011"}
{"name": "Tarallucci E Vino","city": "New York City","address": "15 E 18th Street, New York, NY 10003"}
{"name": "Cafeteria","city": "New York City","address": "119 7th Avenue, New York, NY 10011"}
{"name": "The River Café","city": "New York City","address": "1 Water Street, Brooklyn, NY 11201"}
{"name": "Soto","city": "New York City","address": "357 6th Avenue, New York, NY 10014"}
{"name": "Maloney & Porcelli","city": "New York City","address": "37 E ast 50th Street, New York, NY 10022"}
{"name": "Harlem Tavern","city": "New York City","address": "2153 Frederick Douglass Boulevard, New York, NY 10026"}
{"name": "Catch","city": "New York City","address": "21 9th Avenue, New York, NY 10014"}
{"name": "El Gran Valle Restaurant","city": "New York City","address": "1846 Jerome Avenue, NY 10453"}
{"name": "Saxon and Parole","city": "New York City","address": "316 Bowery, New York, NY 10012"}
{"name": "Blue Ribbon","city": "New York City","address": "280 5th Avenue, Brooklyn, NY 11215"}
{"name": "Totto Ramen","city": "New York City","address": "366 W 52nd Street, New York, NY 10019"}
{"name": "Taj Mahal Restaurant & Party Hall","city": "New York City","address": "148-01 Hillside Avenue, Jamaica, NY 11435"}
{"name": "Morandi","city": "New York City","address": "211 Waverly Place, New York, NY 10014"}
{"name": "Windsor Café","city": "New York City","address": "220 W Prospect Park, Brooklyn, NY 11215"}
{"name": "Clifton's Cafeteria","city": "Los Angeles","address": "648 S Broadway, Los Angeles, CA 90014"}
{"name": "Faith & Flower","city": "Los Angeles","address": "705 W 9th St, Los Angeles, CA 90015"}
{"name": "Cerveteca","city": "Los Angeles","address": "523 Rose Ave, Los Angeles, CA 90291"}
{"name": "Mastro's Steakhouse","city": "Los Angeles","address": "246 N Canon Dr, Beverly Hills, CA 90210"}
{"name": "Palm Restaurant","city": "Los Angeles","address": "1100 S Flower St, Los Angeles, CA 90015"}
{"name": "King Burger / Got Sushi","city": "Los Angeles","address": "9345 Reseda Blvd, Northridge, CA 91324"}
{"name": "Zip Fusion","city": "Los Angeles","address": "744 E 3rd St, Los Angeles, CA 90013"}
{"name": "Musso & Frank Grill","city": "Los Angeles","address": "6667 Hollywood Blvd, Hollywood, CA 90028"}
{"name": "Saddle Ranch Chop House","city": "Los Angeles","address": "8371 Sunset Blvd, West Hollywood, CA 90069"}
{"name": "Kravings","city": "Los Angeles","address": "18663 Ventura Blvd, Tarzana, CA 91356"}
{"name": "Firehouse","city": "Los Angeles","address": "18450 Victory Blvd, Tarzana, CA 91335"}
{"name": "Magnolia Bakery","city": "Los Angeles","address": "8389 West Third Street, Los Angeles, CA 90048"}
{"name": "Sapori","city": "Los Angeles","address": "13723 Fiji Way, Marina Del Rey, CA 90292"}
{"name": "Wi Jammin Caribbean","city": "Los Angeles","address": "5103 W Pico Blvd, Los Angeles, CA 90019"}
{"name": "Pho 999","city": "Los Angeles","address": "12905 Sherman Way, North Hollywood, CA 91605"}
{"name": "Truxton's American Bistro","city": "Los Angeles","address": "8611 Truxton Ave, Los Angeles, CA 90045"}
{"name": "La Frite Cafe","city": "Los Angeles","address": "15013 Ventura Blvd, Sherman Oaks, CA 91403"}
{"name": "Aroma Coffee & Tea","city": "Los Angeles","address": "4360 Tujunga Ave, Studio City, CA 91604"}
{"name": "Gjelina","city": "Los Angeles","address": "1429 Abbot Kinney Blvd, Venice, CA 90291"}
{"name": "Alma","city": "Los Angeles","address": "952 S Broadway, Los Angeles, CA 90015"}
{"name": "Wolfgang Puck Bar & Grill","city": "Los Angeles","address": "800 W Olympic Blvd Ste 119, Los Angeles, CA 90015"}
{"name": "Gulfstream","city": "Los Angeles","address": "10250 Santa Monica Boulevard, Los Angeles, CA 90067"}
{"name": "Porto's Bakery & Cafe","city": "Los Angeles","address": "8233 Firestone Boulevard, Downey, CA 90241"}
{"name": "Philippe, The Original","city": "Los Angeles","address": "1001 N Alameda St, Los Angeles, CA 90012"}
{"name": "Eggslut","city": "Los Angeles","address": "317 Broadway, Los Angeles, CA 90013"}
{"name": "Wurstküche","city": "Los Angeles","address": "625 Lincoln Blvd, Los Angeles, CA 90291"}
{"name": "Meet Restaurant","city": "Los Angeles","address": "9727 Culver Blvd, Culver City, CA 90232"}
{"name": "Roy's","city": "Los Angeles","address": "6363 Topanga Canyon Blvd, Woodland Hills, CA 91367"}
{"name": "Bel Air Bar & Grill","city": "Los Angeles","address": "662 N Sepulveda Blvd, Los Angeles, CA 90049"}
{"name": "Sugarfish by Sushi Nozawa","city": "Los Angeles","address": "11640 San Vicente Blvd, Los Angeles, CA 90049"}
{"name": "Texas de Brazil","city": "Detroit","address": "1000 Woodward Ave #01B07A, Detroit, MI 48226"}
{"name": "Wong's Chop Suey","city": "Detroit","address": "1572 Fort Street, Lincoln Park, MI 48146"}
{"name": "Pekin Tokyo","city": "Detroit","address": "15170 Southfield Road, Allen Park, MI 48101"}
{"name": "Gaucho Steakhouse","city": "Detroit","address": "39550 7 Mile Rd, MI 48167"}
{"name": "Small Plates","city": "Detroit","address": "1521 Broadway St, Detroit, MI 48226"}
{"name": "Coastal Thai","city": "Detroit","address": "140 Sycamore St, Wyandotte, MI 48192"}
{"name": "The Whitney","city": "Detroit","address": "4421 Woodward Ave, Detroit, MI 48201"}
{"name": "Shong Hey","city": "Detroit","address": "3480 West Rd, Trenton, MI 48183"}
{"name": "Yum Yum Express","city": "Detroit","address": "1512 Southfield Rd, Lincoln Park, MI 48146"}
{"name": "Avenue Sports Grille","city": "Detroit","address": "3632 Elizabeth St, Wayne, MI 48184"}
{"name": "Wing's Gardens","city": "Detroit","address": "8410 W 9 Mile Rd, Oak Park, MI 48237"}
{"name": "Haifa Falafel","city": "Detroit","address": "4585 washtenaw, Ann Arbor, MI 48108"}
{"name": "Mitchell's Fish Market","city": "Detroit","address": "17600 Haggerty Rd, Livonia, MI 48152"}
{"name": "Mani Osteria & Bar","city": "Detroit","address": "341 E. Liberty, Ann Arbor, MI"}
{"name": "Sweetwater Tavern","city": "Detroit","address": "400 E Congress St, Detroit, MI 48226"}
{"name": "Red Coat Tavern","city": "Detroit","address": "31542 Woodward Ave, Royal Oak, MI 48073"}
{"name": "Orchid Thai","city": "Detroit","address": "115 Monroe St, Detroit, MI 48226"}
{"name": "Joe Muer Seafood","city": "Detroit","address": "400 Renaissance Ctr, Detroit, MI 48243"}
{"name": "Paco's of Mt Clemens","city": "Detroit","address": "300 Crocker Boulevard, MI 48043"}
{"name": "Union Street","city": "Detroit","address": "4145 Woodward Ave, Detroit, MI 48201"}
{"name": "Traffic Jam & Snug Restaurant","city": "Detroit","address": "511 W Canfield St, Detroit, MI 48201"}
{"name": "Ernie's Market","city": "Detroit","address": "8500 Capital St., Oak Park, MI 48237"}
{"name": "Detroit Seafood Market","city": "Detroit","address": "1435 Randolph St, Detroit, MI 48226"}
{"name": "Uptown Grille","city": "Detroit","address": "3100 E West Maple Rd, Commerce Township, MI 48390"}
{"name": "Tim's Coney Island","city": "Detroit","address": "16015 Southfield Rd, Allen Park, MI 48101"}
{"name": "Sheila's Bakery","city": "Detroit","address": "2142 Springwells St, Detroit, MI 48209"}
{"name": "Metzger's German","city": "Detroit","address": "305 N Zeeb Rd, Ann Arbor, MI 48103"}
{"name": "Jovan's Steak House","city": "Detroit","address": "35219 Dodge Park Rd, Sterling Heights, MI 48312"}
{"name": "Athenian Shish-Ka-Bob","city": "Detroit","address": "23010 Harper Ave, Saint Clair Shores, MI 48080"}
{"name": "Shangri-la","city": "Detroit","address": "4710 Cass Ave, Detroit, MI 48201"}
{"name": "La Calaca Feliz","city": "Philadelphia","address": "2321 Fairmount Avenue, Philadelphia, PA 19130"}
{"name": "Sal's Produce Plus","city": "Philadelphia","address": "676 N Broad Street, Philadelphia, PA 19130"}
{"name": "Del Frisco's Double Eagle Steakhouse","city": "Philadelphia","address": "1426-28 Chestnut Street, Philadelphia, PA 19102"}
{"name": "Chima Brazilian Steakhouse","city": "Philadelphia","address": "1901 John F Kennedy Boulevard, Philadelphia, PA 19103"}
{"name": "Morimoto","city": "Philadelphia","address": "723 Chestnut Street, Philadelphia, PA 19106"}
{"name": "City Tavern","city": "Philadelphia","address": "138 S 2nd Street, Philadelphia, PA 19106"}
{"name": "Fare Restaurant","city": "Philadelphia","address": "2028 Fairmount Avenue, Philadelphia, PA 19130"}
{"name": "Falone's Luncheonette","city": "Philadelphia","address": "7337 Elmwood Avenue, Philadelphia, PA 19142"}
{"name": "Nom Nom Ramen","city": "Philadelphia","address": "20 S 18th Street, Philadelphia, PA 19103"}
{"name": "Fork","city": "Philadelphia","address": "306 Market Street, Philadelphia, PA 19106"}
{"name": "Vedge Restaurant","city": "Philadelphia","address": "1221 Locust Street, Philadelphia, PA 19107"}
{"name": "Joe's Steaks & Soda Shop","city": "Philadelphia","address": "6030 Torresdale Avenue, Philadelphia, PA 19135"}
{"name": "Marra's","city": "Philadelphia","address": "1734 E Passyunk Avenue, Philadelphia, PA 19148"}
{"name": "Cake","city": "Philadelphia","address": "8501 Germantown Avenue, Philadelphia, PA 19118"}
{"name": "Green Eggs Cafe","city": "Philadelphia","address": "212 S 13th Street, Philadelphia, PA 19107"}
{"name": "1225Raw Sushi And Sake Lounge","city": "Philadelphia","address": "1225 Sansom Street, Philadelphia, PA 19107"}
{"name": "Dmitri's","city": "Philadelphia","address": "944 N 2nd Street, Philadelphia, PA 19123"}
{"name": "Stacey's Pizza","city": "Philadelphia","address": "7404 Drexel Road, Philadelphia, PA 19151"}
{"name": "Philadelphia Chutney Company","city": "Philadelphia","address": "1628 Sansom Street, Philadelphia, PA 19103"}
{"name": "10 Arts","city": "Philadelphia","address": "10 Avenue of the Arts, Philadelphia, PA 19102"}
{"name": "Café La Maude","city": "Philadelphia","address": "816 N 4th Street, Northern Liberties, Philadelphia, PA 19123"}
{"name": "Miller's Ale House Restaurants","city": "Philadelphia","address": "9495 E Roosevelt Boulevard, Philadelphia, PA 19114"}
{"name": "Frankford Hall","city": "Philadelphia","address": "1210 Frankford Avenue, Philadelphia, PA 19125"}
{"name": "Izumi","city": "Philadelphia","address": "1601 E Passyunk Avenue, East Passyunk Crossing, Philadelphia, PA 19148"}
{"name": "Tony Luke's","city": "Philadelphia","address": "39 E Oregon Avenue, Philadelphia, PA 19148"}
{"name": "Gooey Looie's","city": "Philadelphia","address": "231 McClellan Street, Philadelphia, PA 19148"}
{"name": "Positano Coast","city": "Philadelphia","address": "212 Walnut Street, 2nd Floor, Philadelphia, PA 19106"}
{"name": "Le Viet Restaurant","city": "Philadelphia","address": "1019 S 11th Street, Philadelphia, PA 19147"}
{"name": "Winnie's Le Bus","city": "Philadelphia","address": "4266 Main Street, Philadelphia, PA 19127"}
{"name": "Lolita","city": "Philadelphia","address": "106 S 13th Street, Philadelphia, PA 19107"}
{"name": "Sugar Cakes Patisserie","city": "Atlanta","address": "101 North Park Square, NE, Marietta, GA 30060"}
{"name": "Las Tortas Locas","city": "Atlanta","address": "5841 Roswell Rd NE, Atlanta, GA 30328"}
{"name": "IL MEE","city": "Atlanta","address": "1000 Cobb Pkwy NE, Marietta, GA 30062"}
{"name": "Woo Nam Jeong - Stone Bowl House","city": "Atlanta","address": "5953 Buford Highway, Atlanta, GA 30340"}
{"name": "SunO Dessert","city": "Atlanta","address": "2570 Pleasant Hill Road. Suite 101, Duluth, GA 30096"}
{"name": "Cafe Intermezzo","city": "Atlanta","address": "1065 Peachtree St Northeast, Atlanta, GA 30309"}
{"name": "Across the Street","city": "Atlanta","address": "688 Highland Ave NE, Atlanta, GA 30312"}
{"name": "Highland Tap","city": "Atlanta","address": "1026 N Highland Avenue NE, Virginia-Highland, Atlanta, GA 30306"}
{"name": "Tin Drum Asia Cafe","city": "Atlanta","address": "88 5th Street NW, Atlanta, GA 30308"}
{"name": "Der Biergarten","city": "Atlanta","address": "300 Marietta NW Street, Atlanta, GA 30313"}
{"name": "Zafron Restaurant","city": "Atlanta","address": "236 Johnson Ferry Road NE, Atlanta, GA 30328"}
{"name": "Su's Chinese Cuisine","city": "Atlanta","address": "1510 Piedmont Ave NE, Atlanta, GA 30324"}
{"name": "Mint 2 Thai-Sushi","city": "Atlanta","address": "1359 Clairmont Road, Decatur, GA 30033"}
{"name": "TAP","city": "Atlanta","address": "1180 Peachtree Street NE, Midtown, Atlanta, GA 30309"}
{"name": "Cafe Bombay","city": "Atlanta","address": "2615 Briarcliff Road NE, Druid Hills/Emory, Atlanta, GA 30329"}
{"name": "Hal's on Old Ivy","city": "Atlanta","address": "30 Old Ivy Road, Buckhead, Atlanta, GA 30342"}
{"name": "Gato Bizco Cafe","city": "Atlanta","address": "1660 McLendon Ave NE, Atlanta, GA 30307"}
{"name": "Gokul Sweets and Vegetarian Restaurant","city": "Atlanta","address": "763 Dekalb Industrial Way, Decatur, GA 30033"}
{"name": "Okinawa","city": "Atlanta","address": "3718 Dallas Highway, Marietta, GA 30064"}
{"name": "Horseradish Grill","city": "Atlanta","address": "4320 Powers Ferry Road NW, Buckhead, Atlanta, GA 30342"}
{"name": "Tacos & Tequilas Mexican Grill","city": "Atlanta","address": "2155 Market Pl Blvd, Cumming, GA 30041"}
{"name": "The Peachtree Cafe","city": "Atlanta","address": "50 South Clayton St Suite A, Lawrenceville, GA 30046"}
{"name": "Nam Phuong","city": "Atlanta","address": "4051 Buford Highway Suite A, Druid Hills/Emory, Atlanta, GA 30345"}
{"name": "Ru San's","city": "Atlanta","address": "1200 Caroline St NE, Atlanta, GA 30307"}
{"name": "Cafe Au Lait","city": "Atlanta","address": "2300 Holcomb Bridge Rd, Roswell, GA 30076"}
{"name": "Aria","city": "Atlanta","address": "490 E Paces Ferry Road NE, Buckhead, Atlanta, GA 30305"}
{"name": "Local Republic","city": "Atlanta","address": "225 W Crogan St. Lawrenceville, Georgia, Lawrenceville, GA 30046"}
{"name": "BUA Thai and Sushi","city": "Atlanta","address": "705 Town Boulevard Suite Q330, Brookhaven, Atlanta, GA 30319"}
{"name": "Rico's World Kitchen","city": "Atlanta","address": "306 W Main Street, Buford, GA 30518"}
{"name": "Nikolai's Roof","city": "Atlanta","address": "Hilton Atlanta, 255 Courtland Street NE, Downtown, Atlanta, GA 30303"}
{"name": "La Mar - Mandarin Oriental Miami","city": "Miami","address": "Mandarin Oriental Miami, 500 Brickell Key Drive, Downtown Miami, Miami, FL 33131"}
{"name": "La Carreta","city": "Miami","address": "8650 Bird Rd, Miami, FL 33155"}
{"name": "Meat Market","city": "Miami","address": "915 Lincoln Rd, Miami Beach, FL 33139"}
{"name": "Il Mulino Cucina Italiana","city": "Miami","address": "1800 E Sunrise Boulevard, Fort Lauderdale, FL 33304"}
{"name": "Pardos Peruvian Cuisine","city": "Miami","address": "2312 Ponce De Leon Boulevard, Coral Gables, FL 33134"}
{"name": "Rancho Chico","city": "Miami","address": "6390 W Indiantown Rd, Jupiter, FL 33458"}
{"name": "Il Sole","city": "Miami","address": "1116 Ocean Drive, Miami Beach, FL 33139"}
{"name": "Peacock Garden Cafe","city": "Miami","address": "2889 McFarlane Road, Coconut Grove, Miami, FL 33133"}
{"name": "Taverna Kyma","city": "Miami","address": "6298 N Federal Hwy, Boca Raton, FL 33487"}
{"name": "La Antioqueña Bakery & Restaurant","city": "Miami","address": "17041 Pines Blvd, Pembroke Pines, FL 33027"}
{"name": "Grampa's Bakery & Restaurant","city": "Miami","address": "17 SW 1st Street, Dania Beach, FL 33004"}
{"name": "Naoe","city": "Miami","address": "661 Brickell Key Drive, Downtown Miami, Miami, FL 33131"}
{"name": "La Costa Honduran & Latin Food Restaurant","city": "Miami","address": "1855 S State Road 7, Davie, FL 33317"}
{"name": "Green Wave Cafe","city": "Miami","address": "5221 W Broward Blvd, Plantation, FL 33317"}
{"name": "Robert Is Here","city": "Miami","address": "19200 SW 344th St, Florida City, FL 33034"}
{"name": "Bubba Gump Shrimp Co.","city": "Miami","address": "401 Biscayne Boulevard, Downtown Miami, Miami, FL 33132"}
{"name": "Edge Steak & Bar - Four Seasons Hotel Miami","city": "Miami","address": "Four Seasons Hotel Miami, 1435 Brickell Avenue, Downtown Miami, Miami, FL 33131"}
{"name": "Tahiti Beach Club","city": "Miami","address": "19111 Collins Ave, Sunny Isles Beach, FL 33160"}
{"name": "Mi Colombia Cafeteria","city": "Miami","address": "702 71st St, Miami Beach, FL 33141"}
{"name": "New York Grilled Cheese Co.","city": "Miami","address": "2207 Wilton Dr, Wilton Manors, FL 33305"}
{"name": "LuLu's Bait Shack","city": "Miami","address": "17 South Atlantic Boulevard  Suite 212, Fort Lauderdale, Miami, FL 33316"}
{"name": "Gabose Korean & Japanese Restaurant","city": "Miami","address": "4991 N University Dr, Lauderhill, FL 33351"}
{"name": "Tom Sawyer Restaurant","city": "Miami","address": "1759 NW Boca Raton Blvd, Boca Raton, FL 33432"}
{"name": "Yu-Mi Sushi Japanese Restaurant & Cafe","city": "Miami","address": "2800 N Military Trl, West Palm Beach, FL 33409"}
{"name": "Orale!!","city": "Miami","address": "2041 Hollywood Blvd., Hollywood, FL 33020"}
{"name": "Coconuts","city": "Miami","address": "429 Seabreeze Boulevard, Fort Lauderdale, FL 33316"}
{"name": "Captain's Tavern","city": "Miami","address": "9625 S Dixie Highway, Kendall/Pinecrest, Miami, FL 33156"}
{"name": "Playa Cafe","city": "Miami","address": "1515 Washington Ave, Miami Beach, FL 33139"}
{"name": "Rebel House","city": "Miami","address": "297 E Palmetto Park Road, Boca Raton, FL 33432"}
{"name": "Luis Galindo's Latin American Restaurant & Cafeteria","city": "Miami","address": "10700 SW 24th St, Miami, FL 33165"}
{"name": "Korean Grill","city": "Austin","address": "10901 N Lamar Boulevard, Suite B204, Austin, TX 78753"}
{"name": "Arturo's Underground Cafe","city": "Austin","address": "314 W 17th Street, Austin, TX 78701"}
{"name": "Hut's Hamburgers","city": "Austin","address": "807 W 6th Street, Austin, TX 78703"}
{"name": "North Italia","city": "Austin","address": "11506 Century Oaks Terrace, Suite 124, Austin, TX 78758"}
{"name": "Manuel's","city": "Austin","address": "310 Congress Avenue, Austin, TX 78701"}
{"name": "Kebabalicious","city": "Austin","address": "311 E 7th Street, Austin, TX 78701"}
{"name": "Rice Bowl Cafe","city": "Austin","address": "11220 N Lamar Boulevard, Suite C306, Austin, TX 78753"}
{"name": "Second Bar + Kitchen","city": "Austin","address": "200 Congress Avenue, Austin, TX 78701"}
{"name": "Ramos Tex-Mex","city": "Austin","address": "14611 N Mopac Expressway, Suite 10, Austin, TX 78728"}
{"name": "Mi Ranchito Taqueria","city": "Austin","address": "1105 FM 1626, Manchaca, TX 78748"}
{"name": "HEA Cafe","city": "Austin","address": "500 E Ben White Boulevard, Suite 200, Austin, TX 78704"}
{"name": "Prik Nam Pla Thai Cuisine","city": "Austin","address": "1917 Dutton Drive, Suite 104, San Marcos, TX 78666"}
{"name": "El Borrego De Oro","city": "Austin","address": "3900 S Congress Avenue, TX 78704"}
{"name": "P.F. Chang's","city": "Austin","address": "10114 Jollyville Road, Austin, TX 78759"}
{"name": "Cafe Crépe","city": "Austin","address": "200 San Jacinto Boulevard, Suite A, TX 78701"}
{"name": "Dong Nai","city": "Austin","address": "4211 S Lamar Boulevard, Austin, TX 78704"}
{"name": "Moonshine Patio Bar & Grill","city": "Austin","address": "303 Red River Street, Austin, TX 78701"}
{"name": "Blue Dahlia Bistro","city": "Austin","address": "3663 Bee Cave Road, Austin, TX 78746"}
{"name": "Kerbey Lane Cafe","city": "Austin","address": "2606 Guadalupe Street, Austin, TX 78705"}
{"name": "Haiku Japanese Restaurant","city": "Austin","address": "9600 IH 35 S, Suite C600, TX 78748"}
{"name": "Malaga","city": "Austin","address": "440 W 2nd Street, Austin, TX 78701"}
{"name": "Andiamo Ristorante","city": "Austin","address": "2521 Rutland Drive, Austin, TX 78758"}
{"name": "Sugar Mama's Bakeshop","city": "Austin","address": "1905 S 1st Street, Austin, TX 78704"}
{"name": "Magnolia Cafe","city": "Austin","address": "1920 S Congress Avenue, Austin, TX 78704"}
{"name": "Maria's Taco Xpress","city": "Austin","address": "2529 S Lamar Boulevard, Austin, TX 78704"}
{"name": "Torchy's Tacos","city": "Austin","address": "4211 Old Spicewood Springs Road, Austin, TX 78731"}
{"name": "Seoul Restaurant & D.K's Sushi Bar","city": "Austin","address": "6400 S 1st Street, Austin, TX 78745"}
{"name": "Noble Sandwich Co.","city": "Austin","address": "12233 Ranch Road 620 N, Suite 105, Austin, TX 78750"}
{"name": "Dos Batos","city": "Austin","address": "2525 W Anderson Lane, Suite 175, Austin, TX 78757"}
{"name": "Azul Tequila","city": "Austin","address": "4211 S Lamar Boulevard, Suite A2, Austin, TX 78704"}